{
    "miniprogramRoot": "dist/",
    "libVersion": "3.0.2",
    "appid": "wxe32487b6637566a6",
    "projectname": "优唐医生",
    "setting": {
        "urlCheck": true,
        "es6": true,
        "enhance": true,
        "compileHotReLoad": false,
        "postcss": false,
        "minified": false,
        "babelSetting": {
            "ignore": [],
            "disablePlugins": [],
            "outputPath": ""
        },
        "condition": false,
        "minifyWXML": false,
        "minifyWXSS": true,
        "uglifyFileName": false,
        "coverView": false,
        "showShadowRootInWxmlPanel": false,
        "packNpmManually": false,
        "packNpmRelationList": [],
        "useCompilerPlugins": false,
        "ignoreUploadUnusedFiles": true
    },
    "compileType": "miniprogram",
    "srcMiniprogramRoot": "dist/",
    "packOptions": {
        "ignore": [],
        "include": []
    },
    "condition": {},
    "editorSetting": {
        "tabIndent": "insertSpaces",
        "tabSize": 4
    }
}