{
    "description": "项目私有配置文件。此文件中的内容将覆盖 project.config.json 中的相同字段。项目的改动优先同步到此文件中。详见文档：https://developers.weixin.qq.com/miniprogram/dev/devtools/projectconfig.html",
    "projectname": "youtang_health",
    "setting": {
        "compileHotReLoad": true,
        "urlCheck": false,
        "autoAudits": false,
        "bigPackageSizeSupport": true
    },
    "condition": {
        "miniprogram": {
            "list": [
                {
                    "name": "",
                    "pathName": "pagesTreatment/plan/index",
                    "query": "",
                    "launchMode": "default",
                    "scene": null
                },
                {
                    "name": "",
                    "pathName": "pagesTreatment/index/index",
                    "query": "",
                    "launchMode": "default",
                    "scene": null
                },
                {
                    "name": "个性化方案",
                    "pathName": "pagesTreatment/index/index",
                    "query": "",
                    "launchMode": "default",
                    "scene": null
                },
                {
                    "name": "pagesActive/add/index",
                    "pathName": "pagesActive/add/index",
                    "query": "",
                    "launchMode": "default",
                    "scene": null
                },
                {
                    "name": "food",
                    "pathName": "pagesActive/food/index",
                    "query": "",
                    "launchMode": "default",
                    "scene": null
                },
                {
                    "name": "life",
                    "pathName": "pagesActive/life/index",
                    "query": "",
                    "launchMode": "default",
                    "scene": null
                },
                {
                    "name": "medicine",
                    "pathName": "pagesActive/medicine/index",
                    "query": "",
                    "launchMode": "default",
                    "scene": null
                },
                {
                    "name": "tool",
                    "pathName": "pagesActive/tool/index",
                    "query": "",
                    "launchMode": "default",
                    "scene": null
                },
                {
                    "name": "disease",
                    "pathName": "pagesActive/disease/index",
                    "query": "",
                    "launchMode": "default",
                    "scene": null
                },
                {
                    "name": "basic",
                    "pathName": "pagesActive/basicinfo/index",
                    "query": "",
                    "launchMode": "default",
                    "scene": null
                },
                {
                    "name": "答题1",
                    "pathName": "pagesActive/form/index",
                    "query": "",
                    "launchMode": "default",
                    "scene": null
                },
                {
                    "name": "vip",
                    "pathName": "pagesActive/index/index",
                    "query": "",
                    "launchMode": "default",
                    "scene": null
                },
                {
                    "name": "记身高体重",
                    "pathName": "pagesBmi/add/index",
                    "query": "",
                    "launchMode": "default",
                    "scene": null
                },
                {
                    "name": "button",
                    "pathName": "pagesFood/index/index",
                    "query": "",
                    "launchMode": "default",
                    "scene": null
                },
                {
                    "name": "体脂详情",
                    "pathName": "pagesBodyFat/details/index",
                    "query": "dataId=246",
                    "launchMode": "default",
                    "scene": null
                },
                {
                    "name": "热量柱状图",
                    "pathName": "pagesFood/calories/index",
                    "query": "",
                    "launchMode": "default",
                    "scene": null
                },
                {
                    "name": "饮食页面",
                    "pathName": "pagesFood/index/index",
                    "query": "",
                    "launchMode": "default",
                    "scene": null
                },
                {
                    "name": "血压记录",
                    "pathName": "pagesBp/record/index",
                    "query": "",
                    "launchMode": "default",
                    "scene": null
                },
                {
                    "name": "体脂记录",
                    "pathName": "pagesBodyFat/record/index",
                    "query": "",
                    "launchMode": "default",
                    "scene": null
                },
                {
                    "name": "饮食分析",
                    "pathName": "pagesFood/analysis/index",
                    "query": "",
                    "launchMode": "default",
                    "scene": null
                },
                {
                    "name": "身高体重线",
                    "pathName": "pagesBmi/record/index",
                    "query": "",
                    "launchMode": "default",
                    "scene": null
                },
                {
                    "name": "糖化记录",
                    "pathName": "pagesHba1c/record/index",
                    "query": "",
                    "launchMode": "default",
                    "scene": null
                },
                {
                    "name": "拍照添加",
                    "pathName": "pagesFood/phoneAdd/index",
                    "query": "img=http%3A%2F%2Fimg.youtang120.com%2F20230930%2F77769305-673b-4208-8966-4ee14a11dbf7.jpg",
                    "launchMode": "default",
                    "scene": null
                },
                {
                    "name": "血压记录",
                    "pathName": "pagesBp/record/index",
                    "query": "",
                    "launchMode": "default",
                    "scene": null
                },
                {
                    "name": "体脂秤",
                    "pathName": "pagesBodyFat/add/index",
                    "query": "",
                    "launchMode": "default",
                    "scene": null
                },
                {
                    "name": "登录",
                    "pathName": "pagesLogin/login",
                    "query": "",
                    "launchMode": "default",
                    "scene": null
                },
                {
                    "name": "控糖明星",
                    "pathName": "pagesSugar/star/index",
                    "query": "",
                    "launchMode": "default",
                    "scene": null
                },
                {
                    "name": "记血糖",
                    "pathName": "pagesHba1c/add/index",
                    "query": "",
                    "launchMode": "default",
                    "scene": null
                },
                {
                    "name": "血糖列表",
                    "pathName": "pagesSugarAnalysis/sugarAnalysis",
                    "query": "",
                    "launchMode": "default",
                    "scene": null
                },
                {
                    "name": "血压",
                    "pathName": "pagesBp/add/index",
                    "query": "",
                    "launchMode": "default",
                    "scene": null
                },
                {
                    "name": "身高",
                    "pathName": "pagesBmi/add/index",
                    "query": "",
                    "launchMode": "default",
                    "scene": null
                },
                {
                    "name": "药品库",
                    "pathName": "pagesAcademy/drug/index",
                    "query": "",
                    "launchMode": "default",
                    "scene": null
                },
                {
                    "name": "记饮食",
                    "pathName": "pagesFood/add/index",
                    "query": "type=1",
                    "launchMode": "default",
                    "scene": null
                },
                {
                    "name": "食物库",
                    "pathName": "pagesAcademy/food/index",
                    "query": "type=1",
                    "launchMode": "default",
                    "scene": null
                },
                {
                    "name": "手风琴",
                    "pathName": "pagesBodyFat/details/index",
                    "query": "",
                    "launchMode": "default",
                    "scene": null
                },
                {
                    "name": "饮食分析",
                    "pathName": "pagesFood/analysis/index",
                    "query": "",
                    "launchMode": "default",
                    "scene": null
                },
                {
                    "name": "饮食数据详情",
                    "pathName": "pagesFood/historyDetail/index",
                    "query": "",
                    "launchMode": "default",
                    "scene": null
                },
                {
                    "name": "GI速查表",
                    "pathName": "pagesAcademy/gi/index",
                    "query": "",
                    "launchMode": "default",
                    "scene": null
                },
                {
                    "name": "健康学院",
                    "pathName": "pages/academy/index",
                    "query": "",
                    "launchMode": "default",
                    "scene": null
                },
                {
                    "name": "智能设备",
                    "pathName": "pages/device/device",
                    "query": "",
                    "launchMode": "default",
                    "scene": null
                },
                {
                    "name": "记血糖",
                    "pathName": "pages/pagesMainSugar/index",
                    "query": "",
                    "launchMode": "default",
                    "scene": null
                },
                {
                    "name": "优小唐-智能助手",
                    "pathName": "pages/pagesChat",
                    "query": "",
                    "launchMode": "default",
                    "scene": null
                }
            ]
        }
    },
    "libVersion": "2.20.3"
}